id,date,season,status,period,time,postseason,home_team_score,visitor_team_score,home_team,home_team_id,visitor_team,visitor_team_id
15907438,2024-10-22,2024,Final,4.0,Final,False,132.0,109.0,"{'id': 2, 'conference': 'East', 'division': 'Atlantic', 'city': 'Boston', 'name': 'Celtics', 'full_name': 'Boston Celtics', 'abbreviation': 'BOS'}",,"{'id': 20, 'conference': 'East', 'division': 'Atlantic', 'city': 'New York', 'name': 'Knicks', 'full_name': 'New York Knicks', 'abbreviation': 'NYK'}",
15907439,2024-10-22,2024,Final,4.0,Final,False,110.0,103.0,"{'id': 14, 'conference': 'West', 'division': 'Pacific', 'city': 'Los Angeles', 'name': 'Lakers', 'full_name': 'Los Angeles Lakers', 'abbreviation': 'LAL'}",,"{'id': 18, 'conference': 'West', 'division': 'Northwest', 'city': 'Minnesota', 'name': 'Timberwolves', 'full_name': 'Minnesota Timberwolves', 'abbreviation': 'MIN'}",
15907440,2024-10-23,2024,Final,4.0,Final,False,109.0,115.0,"{'id': 9, 'conference': 'East', 'division': 'Central', 'city': 'Detroit', 'name': 'Pistons', 'full_name': 'Detroit Pistons', 'abbreviation': 'DET'}",,"{'id': 12, 'conference': 'East', 'division': 'Central', 'city': 'Indiana', 'name': 'Pacers', 'full_name': 'Indiana Pacers', 'abbreviation': 'IND'}",
15907441,2024-10-23,2024,Final,4.0,Final,False,120.0,116.0,"{'id': 1, 'conference': 'East', 'division': 'Southeast', 'city': 'Atlanta', 'name': 'Hawks', 'full_name': 'Atlanta Hawks', 'abbreviation': 'ATL'}",,"{'id': 3, 'conference': 'East', 'division': 'Atlantic', 'city': 'Brooklyn', 'name': 'Nets', 'full_name': 'Brooklyn Nets', 'abbreviation': 'BKN'}",
15907442,2024-10-23,2024,Final,4.0,Final,False,97.0,116.0,"{'id': 16, 'conference': 'East', 'division': 'Southeast', 'city': 'Miami', 'name': 'Heat', 'full_name': 'Miami Heat', 'abbreviation': 'MIA'}",,"{'id': 22, 'conference': 'East', 'division': 'Southeast', 'city': 'Orlando', 'name': 'Magic', 'full_name': 'Orlando Magic', 'abbreviation': 'ORL'}",
15907443,2024-10-23,2024,Final,4.0,Final,False,109.0,124.0,"{'id': 23, 'conference': 'East', 'division': 'Atlantic', 'city': 'Philadelphia', 'name': '76ers', 'full_name': 'Philadelphia 76ers', 'abbreviation': 'PHI'}",,"{'id': 17, 'conference': 'East', 'division': 'Central', 'city': 'Milwaukee', 'name': 'Bucks', 'full_name': 'Milwaukee Bucks', 'abbreviation': 'MIL'}",
15907444,2024-10-23,2024,Final,4.0,Final,False,106.0,136.0,"{'id': 28, 'conference': 'East', 'division': 'Atlantic', 'city': 'Toronto', 'name': 'Raptors', 'full_name': 'Toronto Raptors', 'abbreviation': 'TOR'}",,"{'id': 6, 'conference': 'East', 'division': 'Central', 'city': 'Cleveland', 'name': 'Cavaliers', 'full_name': 'Cleveland Cavaliers', 'abbreviation': 'CLE'}",
15907446,2024-10-23,2024,Final,4.0,Final,False,123.0,111.0,"{'id': 19, 'conference': 'West', 'division': 'Southwest', 'city': 'New Orleans', 'name': 'Pelicans', 'full_name': 'New Orleans Pelicans', 'abbreviation': 'NOP'}",,"{'id': 5, 'conference': 'East', 'division': 'Central', 'city': 'Chicago', 'name': 'Bulls', 'full_name': 'Chicago Bulls', 'abbreviation': 'CHI'}",
15907447,2024-10-23,2024,Final,4.0,Final,False,124.0,126.0,"{'id': 29, 'conference': 'West', 'division': 'Northwest', 'city': 'Utah', 'name': 'Jazz', 'full_name': 'Utah Jazz', 'abbreviation': 'UTA'}",,"{'id': 15, 'conference': 'West', 'division': 'Southwest', 'city': 'Memphis', 'name': 'Grizzlies', 'full_name': 'Memphis Grizzlies', 'abbreviation': 'MEM'}",
15907448,2024-10-23,2024,Final,5.0,Final,False,113.0,116.0,"{'id': 13, 'conference': 'West', 'division': 'Pacific', 'city': 'LA', 'name': 'Clippers', 'full_name': 'LA Clippers', 'abbreviation': 'LAC'}",,"{'id': 24, 'conference': 'West', 'division': 'Pacific', 'city': 'Phoenix', 'name': 'Suns', 'full_name': 'Phoenix Suns', 'abbreviation': 'PHX'}",
15907449,2024-10-23,2024,Final,4.0,Final,False,104.0,139.0,"{'id': 25, 'conference': 'West', 'division': 'Northwest', 'city': 'Portland', 'name': 'Trail Blazers', 'full_name': 'Portland Trail Blazers', 'abbreviation': 'POR'}",,"{'id': 10, 'conference': 'West', 'division': 'Pacific', 'city': 'Golden State', 'name': 'Warriors', 'full_name': 'Golden State Warriors', 'abbreviation': 'GSW'}",
15907445,2024-10-23,2024,Final,4.0,Final,False,105.0,110.0,"{'id': 11, 'conference': 'West', 'division': 'Southwest', 'city': 'Houston', 'name': 'Rockets', 'full_name': 'Houston Rockets', 'abbreviation': 'HOU'}",,"{'id': 4, 'conference': 'East', 'division': 'Southeast', 'city': 'Charlotte', 'name': 'Hornets', 'full_name': 'Charlotte Hornets', 'abbreviation': 'CHA'}",
15907450,2024-10-24,2024,Final,4.0,Final,False,102.0,122.0,"{'id': 30, 'conference': 'East', 'division': 'Southeast', 'city': 'Washington', 'name': 'Wizards', 'full_name': 'Washington Wizards', 'abbreviation': 'WAS'}",,"{'id': 2, 'conference': 'East', 'division': 'Atlantic', 'city': 'Boston', 'name': 'Celtics', 'full_name': 'Boston Celtics', 'abbreviation': 'BOS'}",
15907451,2024-10-24,2024,Final,4.0,Final,False,120.0,109.0,"{'id': 7, 'conference': 'West', 'division': 'Southwest', 'city': 'Dallas', 'name': 'Mavericks', 'full_name': 'Dallas Mavericks', 'abbreviation': 'DAL'}",,"{'id': 27, 'conference': 'West', 'division': 'Southwest', 'city': 'San Antonio', 'name': 'Spurs', 'full_name': 'San Antonio Spurs', 'abbreviation': 'SAS'}",
15907452,2024-10-24,2024,Final,4.0,Final,False,87.0,102.0,"{'id': 8, 'conference': 'West', 'division': 'Northwest', 'city': 'Denver', 'name': 'Nuggets', 'full_name': 'Denver Nuggets', 'abbreviation': 'DEN'}",,"{'id': 21, 'conference': 'West', 'division': 'Northwest', 'city': 'Oklahoma City', 'name': 'Thunder', 'full_name': 'Oklahoma City Thunder', 'abbreviation': 'OKC'}",
15907453,2024-10-24,2024,Final,4.0,Final,False,115.0,117.0,"{'id': 26, 'conference': 'West', 'division': 'Pacific', 'city': 'Sacramento', 'name': 'Kings', 'full_name': 'Sacramento Kings', 'abbreviation': 'SAC'}",,"{'id': 18, 'conference': 'West', 'division': 'Northwest', 'city': 'Minnesota', 'name': 'Timberwolves', 'full_name': 'Minnesota Timberwolves', 'abbreviation': 'MIN'}",
15907454,2024-10-25,2024,Final,4.0,Final,False,116.0,101.0,"{'id': 22, 'conference': 'East', 'division': 'Southeast', 'city': 'Orlando', 'name': 'Magic', 'full_name': 'Orlando Magic', 'abbreviation': 'ORL'}",,"{'id': 3, 'conference': 'East', 'division': 'Atlantic', 'city': 'Brooklyn', 'name': 'Nets', 'full_name': 'Brooklyn Nets', 'abbreviation': 'BKN'}",
15907455,2024-10-25,2024,Final,4.0,Final,False,115.0,107.0,"{'id': 28, 'conference': 'East', 'division': 'Atlantic', 'city': 'Toronto', 'name': 'Raptors', 'full_name': 'Toronto Raptors', 'abbreviation': 'TOR'}",,"{'id': 23, 'conference': 'East', 'division': 'Atlantic', 'city': 'Philadelphia', 'name': '76ers', 'full_name': 'Philadelphia 76ers', 'abbreviation': 'PHI'}",
15907456,2024-10-25,2024,Final,4.0,Final,False,125.0,120.0,"{'id': 1, 'conference': 'East', 'division': 'Southeast', 'city': 'Atlanta', 'name': 'Hawks', 'full_name': 'Atlanta Hawks', 'abbreviation': 'ATL'}",,"{'id': 4, 'conference': 'East', 'division': 'Southeast', 'city': 'Charlotte', 'name': 'Hornets', 'full_name': 'Charlotte Hornets', 'abbreviation': 'CHA'}",
15907457,2024-10-25,2024,Final,4.0,Final,False,113.0,101.0,"{'id': 6, 'conference': 'East', 'division': 'Central', 'city': 'Cleveland', 'name': 'Cavaliers', 'full_name': 'Cleveland Cavaliers', 'abbreviation': 'CLE'}",,"{'id': 9, 'conference': 'East', 'division': 'Central', 'city': 'Detroit', 'name': 'Pistons', 'full_name': 'Detroit Pistons', 'abbreviation': 'DET'}",
15907459,2024-10-25,2024,Final,4.0,Final,False,128.0,108.0,"{'id': 11, 'conference': 'West', 'division': 'Southwest', 'city': 'Houston', 'name': 'Rockets', 'full_name': 'Houston Rockets', 'abbreviation': 'HOU'}",,"{'id': 15, 'conference': 'West', 'division': 'Southwest', 'city': 'Memphis', 'name': 'Grizzlies', 'full_name': 'Memphis Grizzlies', 'abbreviation': 'MEM'}",
15907460,2024-10-25,2024,Final,4.0,Final,False,122.0,133.0,"{'id': 17, 'conference': 'East', 'division': 'Central', 'city': 'Milwaukee', 'name': 'Bucks', 'full_name': 'Milwaukee Bucks', 'abbreviation': 'MIL'}",,"{'id': 5, 'conference': 'East', 'division': 'Central', 'city': 'Chicago', 'name': 'Bulls', 'full_name': 'Chicago Bulls', 'abbreviation': 'CHI'}",
15907462,2024-10-25,2024,Final,4.0,Final,False,123.0,116.0,"{'id': 14, 'conference': 'West', 'division': 'Pacific', 'city': 'Los Angeles', 'name': 'Lakers', 'full_name': 'Los Angeles Lakers', 'abbreviation': 'LAL'}",,"{'id': 24, 'conference': 'West', 'division': 'Pacific', 'city': 'Phoenix', 'name': 'Suns', 'full_name': 'Phoenix Suns', 'abbreviation': 'PHX'}",
15907463,2024-10-25,2024,Final,4.0,Final,False,103.0,105.0,"{'id': 25, 'conference': 'West', 'division': 'Northwest', 'city': 'Portland', 'name': 'Trail Blazers', 'full_name': 'Portland Trail Blazers', 'abbreviation': 'POR'}",,"{'id': 19, 'conference': 'West', 'division': 'Southwest', 'city': 'New Orleans', 'name': 'Pelicans', 'full_name': 'New Orleans Pelicans', 'abbreviation': 'NOP'}",
15907458,2024-10-25,2024,Final,4.0,Final,False,123.0,98.0,"{'id': 20, 'conference': 'East', 'division': 'Atlantic', 'city': 'New York', 'name': 'Knicks', 'full_name': 'New York Knicks', 'abbreviation': 'NYK'}",,"{'id': 12, 'conference': 'East', 'division': 'Central', 'city': 'Indiana', 'name': 'Pacers', 'full_name': 'Indiana Pacers', 'abbreviation': 'IND'}",
15907461,2024-10-25,2024,Final,4.0,Final,False,86.0,127.0,"{'id': 29, 'conference': 'West', 'division': 'Northwest', 'city': 'Utah', 'name': 'Jazz', 'full_name': 'Utah Jazz', 'abbreviation': 'UTA'}",,"{'id': 10, 'conference': 'West', 'division': 'Pacific', 'city': 'Golden State', 'name': 'Warriors', 'full_name': 'Golden State Warriors', 'abbreviation': 'GSW'}",
15907468,2024-10-26,2024,Final,4.0,Final,False,95.0,114.0,"{'id': 5, 'conference': 'East', 'division': 'Central', 'city': 'Chicago', 'name': 'Bulls', 'full_name': 'Chicago Bulls', 'abbreviation': 'CHI'}",,"{'id': 21, 'conference': 'West', 'division': 'Northwest', 'city': 'Oklahoma City', 'name': 'Thunder', 'full_name': 'Oklahoma City Thunder', 'abbreviation': 'OKC'}",
15907470,2024-10-26,2024,Final,4.0,Final,False,112.0,101.0,"{'id': 18, 'conference': 'West', 'division': 'Northwest', 'city': 'Minnesota', 'name': 'Timberwolves', 'full_name': 'Minnesota Timberwolves', 'abbreviation': 'MIN'}",,"{'id': 28, 'conference': 'East', 'division': 'Atlantic', 'city': 'Toronto', 'name': 'Raptors', 'full_name': 'Toronto Raptors', 'abbreviation': 'TOR'}",
15907471,2024-10-26,2024,Final,4.0,Final,False,109.0,106.0,"{'id': 27, 'conference': 'West', 'division': 'Southwest', 'city': 'San Antonio', 'name': 'Spurs', 'full_name': 'San Antonio Spurs', 'abbreviation': 'SAS'}",,"{'id': 11, 'conference': 'West', 'division': 'Southwest', 'city': 'Houston', 'name': 'Rockets', 'full_name': 'Houston Rockets', 'abbreviation': 'HOU'}",
15907472,2024-10-26,2024,Final,4.0,Final,False,114.0,102.0,"{'id': 24, 'conference': 'West', 'division': 'Pacific', 'city': 'Phoenix', 'name': 'Suns', 'full_name': 'Phoenix Suns', 'abbreviation': 'PHX'}",,"{'id': 7, 'conference': 'West', 'division': 'Southwest', 'city': 'Dallas', 'name': 'Mavericks', 'full_name': 'Dallas Mavericks', 'abbreviation': 'DAL'}",
15907464,2024-10-26,2024,Final,4.0,Final,False,104.0,109.0,"{'id': 8, 'conference': 'West', 'division': 'Northwest', 'city': 'Denver', 'name': 'Nuggets', 'full_name': 'Denver Nuggets', 'abbreviation': 'DEN'}",,"{'id': 13, 'conference': 'West', 'division': 'Pacific', 'city': 'LA', 'name': 'Clippers', 'full_name': 'LA Clippers', 'abbreviation': 'LAC'}",
15907465,2024-10-26,2024,Final,4.0,Final,False,106.0,114.0,"{'id': 4, 'conference': 'East', 'division': 'Southeast', 'city': 'Charlotte', 'name': 'Hornets', 'full_name': 'Charlotte Hornets', 'abbreviation': 'CHA'}",,"{'id': 16, 'conference': 'East', 'division': 'Southeast', 'city': 'Miami', 'name': 'Heat', 'full_name': 'Miami Heat', 'abbreviation': 'MIA'}",
15907466,2024-10-26,2024,Final,4.0,Final,False,118.0,124.0,"{'id': 9, 'conference': 'East', 'division': 'Central', 'city': 'Detroit', 'name': 'Pistons', 'full_name': 'Detroit Pistons', 'abbreviation': 'DET'}",,"{'id': 2, 'conference': 'East', 'division': 'Atlantic', 'city': 'Boston', 'name': 'Celtics', 'full_name': 'Boston Celtics', 'abbreviation': 'BOS'}",
15907469,2024-10-26,2024,Final,4.0,Final,False,124.0,111.0,"{'id': 15, 'conference': 'West', 'division': 'Southwest', 'city': 'Memphis', 'name': 'Grizzlies', 'full_name': 'Memphis Grizzlies', 'abbreviation': 'MEM'}",,"{'id': 22, 'conference': 'East', 'division': 'Southeast', 'city': 'Orlando', 'name': 'Magic', 'full_name': 'Orlando Magic', 'abbreviation': 'ORL'}",
15907473,2024-10-26,2024,Final,4.0,Final,False,131.0,127.0,"{'id': 14, 'conference': 'West', 'division': 'Pacific', 'city': 'Los Angeles', 'name': 'Lakers', 'full_name': 'Los Angeles Lakers', 'abbreviation': 'LAL'}",,"{'id': 26, 'conference': 'West', 'division': 'Pacific', 'city': 'Sacramento', 'name': 'Kings', 'full_name': 'Sacramento Kings', 'abbreviation': 'SAC'}",
15907467,2024-10-26,2024,Final,4.0,Final,False,116.0,135.0,"{'id': 30, 'conference': 'East', 'division': 'Southeast', 'city': 'Washington', 'name': 'Wizards', 'full_name': 'Washington Wizards', 'abbreviation': 'WAS'}",,"{'id': 6, 'conference': 'East', 'division': 'Central', 'city': 'Cleveland', 'name': 'Cavaliers', 'full_name': 'Cleveland Cavaliers', 'abbreviation': 'CLE'}",
15907474,2024-10-27,2024,Final,5.0,Final,False,114.0,118.0,"{'id': 12, 'conference': 'East', 'division': 'Central', 'city': 'Indiana', 'name': 'Pacers', 'full_name': 'Indiana Pacers', 'abbreviation': 'IND'}",,"{'id': 23, 'conference': 'East', 'division': 'Atlantic', 'city': 'Philadelphia', 'name': '76ers', 'full_name': 'Philadelphia 76ers', 'abbreviation': 'PHI'}",
15907475,2024-10-27,2024,Final,4.0,Final,False,115.0,102.0,"{'id': 3, 'conference': 'East', 'division': 'Atlantic', 'city': 'Brooklyn', 'name': 'Nets', 'full_name': 'Brooklyn Nets', 'abbreviation': 'BKN'}",,"{'id': 17, 'conference': 'East', 'division': 'Central', 'city': 'Milwaukee', 'name': 'Bucks', 'full_name': 'Milwaukee Bucks', 'abbreviation': 'MIL'}",
15907476,2024-10-27,2024,Final,4.0,Final,False,125.0,103.0,"{'id': 25, 'conference': 'West', 'division': 'Northwest', 'city': 'Portland', 'name': 'Trail Blazers', 'full_name': 'Portland Trail Blazers', 'abbreviation': 'POR'}",,"{'id': 19, 'conference': 'West', 'division': 'Southwest', 'city': 'New Orleans', 'name': 'Pelicans', 'full_name': 'New Orleans Pelicans', 'abbreviation': 'NOP'}",
15907477,2024-10-27,2024,Final,4.0,Final,False,128.0,104.0,"{'id': 21, 'conference': 'West', 'division': 'Northwest', 'city': 'Oklahoma City', 'name': 'Thunder', 'full_name': 'Oklahoma City Thunder', 'abbreviation': 'OKC'}",,"{'id': 1, 'conference': 'East', 'division': 'Southeast', 'city': 'Atlanta', 'name': 'Hawks', 'full_name': 'Atlanta Hawks', 'abbreviation': 'ATL'}",
15907478,2024-10-27,2024,Final,4.0,Final,False,104.0,112.0,"{'id': 10, 'conference': 'West', 'division': 'Pacific', 'city': 'Golden State', 'name': 'Warriors', 'full_name': 'Golden State Warriors', 'abbreviation': 'GSW'}",,"{'id': 13, 'conference': 'West', 'division': 'Pacific', 'city': 'LA', 'name': 'Clippers', 'full_name': 'LA Clippers', 'abbreviation': 'LAC'}",
15907479,2024-10-28,2024,Final,4.0,Final,False,119.0,115.0,"{'id': 22, 'conference': 'East', 'division': 'Southeast', 'city': 'Orlando', 'name': 'Magic', 'full_name': 'Orlando Magic', 'abbreviation': 'ORL'}",,"{'id': 12, 'conference': 'East', 'division': 'Central', 'city': 'Indiana', 'name': 'Pacers', 'full_name': 'Indiana Pacers', 'abbreviation': 'IND'}",
15907480,2024-10-28,2024,Final,4.0,Final,False,119.0,121.0,"{'id': 1, 'conference': 'East', 'division': 'Southeast', 'city': 'Atlanta', 'name': 'Hawks', 'full_name': 'Atlanta Hawks', 'abbreviation': 'ATL'}",,"{'id': 30, 'conference': 'East', 'division': 'Southeast', 'city': 'Washington', 'name': 'Wizards', 'full_name': 'Washington Wizards', 'abbreviation': 'WAS'}",
15907481,2024-10-28,2024,Final,4.0,Final,False,119.0,108.0,"{'id': 2, 'conference': 'East', 'division': 'Atlantic', 'city': 'Boston', 'name': 'Celtics', 'full_name': 'Boston Celtics', 'abbreviation': 'BOS'}",,"{'id': 17, 'conference': 'East', 'division': 'Central', 'city': 'Milwaukee', 'name': 'Bucks', 'full_name': 'Milwaukee Bucks', 'abbreviation': 'MIL'}",
15907484,2024-10-28,2024,Final,5.0,Final,False,125.0,127.0,"{'id': 28, 'conference': 'East', 'division': 'Atlantic', 'city': 'Toronto', 'name': 'Raptors', 'full_name': 'Toronto Raptors', 'abbreviation': 'TOR'}",,"{'id': 8, 'conference': 'West', 'division': 'Northwest', 'city': 'Denver', 'name': 'Nuggets', 'full_name': 'Denver Nuggets', 'abbreviation': 'DEN'}",
15907483,2024-10-28,2024,Final,4.0,Final,False,104.0,110.0,"{'id': 20, 'conference': 'East', 'division': 'Atlantic', 'city': 'New York', 'name': 'Knicks', 'full_name': 'New York Knicks', 'abbreviation': 'NYK'}",,"{'id': 6, 'conference': 'East', 'division': 'Central', 'city': 'Cleveland', 'name': 'Cavaliers', 'full_name': 'Cleveland Cavaliers', 'abbreviation': 'CLE'}",
15907485,2024-10-28,2024,Final,4.0,Final,False,123.0,126.0,"{'id': 15, 'conference': 'West', 'division': 'Southwest', 'city': 'Memphis', 'name': 'Grizzlies', 'full_name': 'Memphis Grizzlies', 'abbreviation': 'MEM'}",,"{'id': 5, 'conference': 'East', 'division': 'Central', 'city': 'Chicago', 'name': 'Bulls', 'full_name': 'Chicago Bulls', 'abbreviation': 'CHI'}",
15907486,2024-10-28,2024,Final,4.0,Final,False,101.0,106.0,"{'id': 27, 'conference': 'West', 'division': 'Southwest', 'city': 'San Antonio', 'name': 'Spurs', 'full_name': 'San Antonio Spurs', 'abbreviation': 'SAS'}",,"{'id': 11, 'conference': 'West', 'division': 'Southwest', 'city': 'Houston', 'name': 'Rockets', 'full_name': 'Houston Rockets', 'abbreviation': 'HOU'}",
15907487,2024-10-28,2024,Final,4.0,Final,False,110.0,102.0,"{'id': 7, 'conference': 'West', 'division': 'Southwest', 'city': 'Dallas', 'name': 'Mavericks', 'full_name': 'Dallas Mavericks', 'abbreviation': 'DAL'}",,"{'id': 29, 'conference': 'West', 'division': 'Northwest', 'city': 'Utah', 'name': 'Jazz', 'full_name': 'Utah Jazz', 'abbreviation': 'UTA'}",
15907488,2024-10-28,2024,Final,4.0,Final,False,109.0,105.0,"{'id': 24, 'conference': 'West', 'division': 'Pacific', 'city': 'Phoenix', 'name': 'Suns', 'full_name': 'Phoenix Suns', 'abbreviation': 'PHX'}",,"{'id': 14, 'conference': 'West', 'division': 'Pacific', 'city': 'Los Angeles', 'name': 'Lakers', 'full_name': 'Los Angeles Lakers', 'abbreviation': 'LAL'}",
15907482,2024-10-28,2024,Final,4.0,Final,False,106.0,98.0,"{'id': 16, 'conference': 'East', 'division': 'Southeast', 'city': 'Miami', 'name': 'Heat', 'full_name': 'Miami Heat', 'abbreviation': 'MIA'}",,"{'id': 9, 'conference': 'East', 'division': 'Central', 'city': 'Detroit', 'name': 'Pistons', 'full_name': 'Detroit Pistons', 'abbreviation': 'DET'}",
15907489,2024-10-28,2024,Final,4.0,Final,False,111.0,98.0,"{'id': 26, 'conference': 'West', 'division': 'Pacific', 'city': 'Sacramento', 'name': 'Kings', 'full_name': 'Sacramento Kings', 'abbreviation': 'SAC'}",,"{'id': 25, 'conference': 'West', 'division': 'Northwest', 'city': 'Portland', 'name': 'Trail Blazers', 'full_name': 'Portland Trail Blazers', 'abbreviation': 'POR'}",
15907491,2024-10-29,2024,Final,4.0,Final,False,114.0,120.0,"{'id': 18, 'conference': 'West', 'division': 'Northwest', 'city': 'Minnesota', 'name': 'Timberwolves', 'full_name': 'Minnesota Timberwolves', 'abbreviation': 'MIN'}",,"{'id': 7, 'conference': 'West', 'division': 'Southwest', 'city': 'Dallas', 'name': 'Mavericks', 'full_name': 'Dallas Mavericks', 'abbreviation': 'DAL'}",
15907490,2024-10-29,2024,Final,5.0,Final,False,139.0,144.0,"{'id': 3, 'conference': 'East', 'division': 'Atlantic', 'city': 'Brooklyn', 'name': 'Nets', 'full_name': 'Brooklyn Nets', 'abbreviation': 'BKN'}",,"{'id': 8, 'conference': 'West', 'division': 'Northwest', 'city': 'Denver', 'name': 'Nuggets', 'full_name': 'Denver Nuggets', 'abbreviation': 'DEN'}",
15907492,2024-10-29,2024,Final,4.0,Final,False,96.0,113.0,"{'id': 29, 'conference': 'West', 'division': 'Northwest', 'city': 'Utah', 'name': 'Jazz', 'full_name': 'Utah Jazz', 'abbreviation': 'UTA'}",,"{'id': 26, 'conference': 'West', 'division': 'Pacific', 'city': 'Sacramento', 'name': 'Kings', 'full_name': 'Sacramento Kings', 'abbreviation': 'SAC'}",
15907493,2024-10-29,2024,Final,4.0,Final,False,124.0,106.0,"{'id': 10, 'conference': 'West', 'division': 'Pacific', 'city': 'Golden State', 'name': 'Warriors', 'full_name': 'Golden State Warriors', 'abbreviation': 'GSW'}",,"{'id': 19, 'conference': 'West', 'division': 'Southwest', 'city': 'New Orleans', 'name': 'Pelicans', 'full_name': 'New Orleans Pelicans', 'abbreviation': 'NOP'}",
15907499,2024-10-30,2024,Final,4.0,Final,False,107.0,116.0,"{'id': 16, 'conference': 'East', 'division': 'Southeast', 'city': 'Miami', 'name': 'Heat', 'full_name': 'Miami Heat', 'abbreviation': 'MIA'}",,"{'id': 20, 'conference': 'East', 'division': 'Atlantic', 'city': 'New York', 'name': 'Knicks', 'full_name': 'New York Knicks', 'abbreviation': 'NYK'}",
15907500,2024-10-30,2024,Final,4.0,Final,False,102.0,99.0,"{'id': 5, 'conference': 'East', 'division': 'Central', 'city': 'Chicago', 'name': 'Bulls', 'full_name': 'Chicago Bulls', 'abbreviation': 'CHI'}",,"{'id': 22, 'conference': 'East', 'division': 'Southeast', 'city': 'Orlando', 'name': 'Magic', 'full_name': 'Orlando Magic', 'abbreviation': 'ORL'}",
15907501,2024-10-30,2024,Final,4.0,Final,False,106.0,119.0,"{'id': 15, 'conference': 'West', 'division': 'Southwest', 'city': 'Memphis', 'name': 'Grizzlies', 'full_name': 'Memphis Grizzlies', 'abbreviation': 'MEM'}",,"{'id': 3, 'conference': 'East', 'division': 'Atlantic', 'city': 'Brooklyn', 'name': 'Nets', 'full_name': 'Brooklyn Nets', 'abbreviation': 'BKN'}",
15907494,2024-10-30,2024,Final,4.0,Final,False,138.0,133.0,"{'id': 4, 'conference': 'East', 'division': 'Southeast', 'city': 'Charlotte', 'name': 'Hornets', 'full_name': 'Charlotte Hornets', 'abbreviation': 'CHA'}",,"{'id': 28, 'conference': 'East', 'division': 'Atlantic', 'city': 'Toronto', 'name': 'Raptors', 'full_name': 'Toronto Raptors', 'abbreviation': 'TOR'}",
15907495,2024-10-30,2024,Final,4.0,Final,False,134.0,110.0,"{'id': 6, 'conference': 'East', 'division': 'Central', 'city': 'Cleveland', 'name': 'Cavaliers', 'full_name': 'Cleveland Cavaliers', 'abbreviation': 'CLE'}",,"{'id': 14, 'conference': 'West', 'division': 'Pacific', 'city': 'Los Angeles', 'name': 'Lakers', 'full_name': 'Los Angeles Lakers', 'abbreviation': 'LAL'}",
15907496,2024-10-30,2024,Final,5.0,Final,False,135.0,132.0,"{'id': 12, 'conference': 'East', 'division': 'Central', 'city': 'Indiana', 'name': 'Pacers', 'full_name': 'Indiana Pacers', 'abbreviation': 'IND'}",,"{'id': 2, 'conference': 'East', 'division': 'Atlantic', 'city': 'Boston', 'name': 'Celtics', 'full_name': 'Boston Celtics', 'abbreviation': 'BOS'}",
15907497,2024-10-30,2024,Final,4.0,Final,False,95.0,105.0,"{'id': 23, 'conference': 'East', 'division': 'Atlantic', 'city': 'Philadelphia', 'name': '76ers', 'full_name': 'Philadelphia 76ers', 'abbreviation': 'PHI'}",,"{'id': 9, 'conference': 'East', 'division': 'Central', 'city': 'Detroit', 'name': 'Pistons', 'full_name': 'Detroit Pistons', 'abbreviation': 'DET'}",
15907498,2024-10-30,2024,Final,4.0,Final,False,133.0,120.0,"{'id': 30, 'conference': 'East', 'division': 'Southeast', 'city': 'Washington', 'name': 'Wizards', 'full_name': 'Washington Wizards', 'abbreviation': 'WAS'}",,"{'id': 1, 'conference': 'East', 'division': 'Southeast', 'city': 'Atlanta', 'name': 'Hawks', 'full_name': 'Atlanta Hawks', 'abbreviation': 'ATL'}",
15907502,2024-10-30,2024,Final,4.0,Final,False,105.0,93.0,"{'id': 21, 'conference': 'West', 'division': 'Northwest', 'city': 'Oklahoma City', 'name': 'Thunder', 'full_name': 'Oklahoma City Thunder', 'abbreviation': 'OKC'}",,"{'id': 27, 'conference': 'West', 'division': 'Southwest', 'city': 'San Antonio', 'name': 'Spurs', 'full_name': 'San Antonio Spurs', 'abbreviation': 'SAS'}",
15907503,2024-10-30,2024,Final,4.0,Final,False,104.0,89.0,"{'id': 10, 'conference': 'West', 'division': 'Pacific', 'city': 'Golden State', 'name': 'Warriors', 'full_name': 'Golden State Warriors', 'abbreviation': 'GSW'}",,"{'id': 19, 'conference': 'West', 'division': 'Southwest', 'city': 'New Orleans', 'name': 'Pelicans', 'full_name': 'New Orleans Pelicans', 'abbreviation': 'NOP'}",
15907504,2024-10-30,2024,Final,4.0,Final,False,105.0,106.0,"{'id': 13, 'conference': 'West', 'division': 'Pacific', 'city': 'LA', 'name': 'Clippers', 'full_name': 'LA Clippers', 'abbreviation': 'LAC'}",,"{'id': 25, 'conference': 'West', 'division': 'Northwest', 'city': 'Portland', 'name': 'Trail Blazers', 'full_name': 'Portland Trail Blazers', 'abbreviation': 'POR'}",
15907507,2024-10-31,2024,Final,4.0,Final,False,88.0,106.0,"{'id': 29, 'conference': 'West', 'division': 'Northwest', 'city': 'Utah', 'name': 'Jazz', 'full_name': 'Utah Jazz', 'abbreviation': 'UTA'}",,"{'id': 27, 'conference': 'West', 'division': 'Southwest', 'city': 'San Antonio', 'name': 'Spurs', 'full_name': 'San Antonio Spurs', 'abbreviation': 'SAS'}",
15907505,2024-10-31,2024,Final,4.0,Final,False,122.0,99.0,"{'id': 15, 'conference': 'West', 'division': 'Southwest', 'city': 'Memphis', 'name': 'Grizzlies', 'full_name': 'Memphis Grizzlies', 'abbreviation': 'MEM'}",,"{'id': 17, 'conference': 'East', 'division': 'Central', 'city': 'Milwaukee', 'name': 'Bucks', 'full_name': 'Milwaukee Bucks', 'abbreviation': 'MIL'}",
15907506,2024-10-31,2024,Final,4.0,Final,False,102.0,108.0,"{'id': 7, 'conference': 'West', 'division': 'Southwest', 'city': 'Dallas', 'name': 'Mavericks', 'full_name': 'Dallas Mavericks', 'abbreviation': 'DAL'}",,"{'id': 11, 'conference': 'West', 'division': 'Southwest', 'city': 'Houston', 'name': 'Rockets', 'full_name': 'Houston Rockets', 'abbreviation': 'HOU'}",
15907508,2024-10-31,2024,Final,4.0,Final,False,119.0,125.0,"{'id': 13, 'conference': 'West', 'division': 'Pacific', 'city': 'LA', 'name': 'Clippers', 'full_name': 'LA Clippers', 'abbreviation': 'LAC'}",,"{'id': 24, 'conference': 'West', 'division': 'Pacific', 'city': 'Phoenix', 'name': 'Suns', 'full_name': 'Phoenix Suns', 'abbreviation': 'PHX'}",
15907511,2024-11-01,2024,Final,4.0,Final,False,98.0,128.0,"{'id': 9, 'conference': 'East', 'division': 'Central', 'city': 'Detroit', 'name': 'Pistons', 'full_name': 'Detroit Pistons', 'abbreviation': 'DET'}",,"{'id': 20, 'conference': 'East', 'division': 'Atlantic', 'city': 'New York', 'name': 'Knicks', 'full_name': 'New York Knicks', 'abbreviation': 'NYK'}",
15907512,2024-11-01,2024,Final,4.0,Final,False,115.0,123.0,"{'id': 1, 'conference': 'East', 'division': 'Southeast', 'city': 'Atlanta', 'name': 'Hawks', 'full_name': 'Atlanta Hawks', 'abbreviation': 'ATL'}",,"{'id': 26, 'conference': 'West', 'division': 'Pacific', 'city': 'Sacramento', 'name': 'Kings', 'full_name': 'Sacramento Kings', 'abbreviation': 'SAC'}",
15907515,2024-11-01,2024,Final,4.0,Final,False,125.0,118.0,"{'id': 19, 'conference': 'West', 'division': 'Southwest', 'city': 'New Orleans', 'name': 'Pelicans', 'full_name': 'New Orleans Pelicans', 'abbreviation': 'NOP'}",,"{'id': 12, 'conference': 'East', 'division': 'Central', 'city': 'Indiana', 'name': 'Pacers', 'full_name': 'Indiana Pacers', 'abbreviation': 'IND'}",
15907516,2024-11-01,2024,Final,4.0,Final,False,119.0,116.0,"{'id': 18, 'conference': 'West', 'division': 'Northwest', 'city': 'Minnesota', 'name': 'Timberwolves', 'full_name': 'Minnesota Timberwolves', 'abbreviation': 'MIN'}",,"{'id': 8, 'conference': 'West', 'division': 'Northwest', 'city': 'Denver', 'name': 'Nuggets', 'full_name': 'Denver Nuggets', 'abbreviation': 'DEN'}",
15907517,2024-11-01,2024,Final,4.0,Final,False,114.0,137.0,"{'id': 25, 'conference': 'West', 'division': 'Northwest', 'city': 'Portland', 'name': 'Trail Blazers', 'full_name': 'Portland Trail Blazers', 'abbreviation': 'POR'}",,"{'id': 21, 'conference': 'West', 'division': 'Northwest', 'city': 'Oklahoma City', 'name': 'Thunder', 'full_name': 'Oklahoma City Thunder', 'abbreviation': 'OKC'}",
15907513,2024-11-01,2024,Final,4.0,Final,False,120.0,112.0,"{'id': 3, 'conference': 'East', 'division': 'Atlantic', 'city': 'Brooklyn', 'name': 'Nets', 'full_name': 'Brooklyn Nets', 'abbreviation': 'BKN'}",,"{'id': 5, 'conference': 'East', 'division': 'Central', 'city': 'Chicago', 'name': 'Bulls', 'full_name': 'Chicago Bulls', 'abbreviation': 'CHI'}",
15907514,2024-11-01,2024,Final,4.0,Final,False,125.0,131.0,"{'id': 28, 'conference': 'East', 'division': 'Atlantic', 'city': 'Toronto', 'name': 'Raptors', 'full_name': 'Toronto Raptors', 'abbreviation': 'TOR'}",,"{'id': 14, 'conference': 'West', 'division': 'Pacific', 'city': 'Los Angeles', 'name': 'Lakers', 'full_name': 'Los Angeles Lakers', 'abbreviation': 'LAL'}",
15907509,2024-11-01,2024,Final,4.0,Final,False,109.0,124.0,"{'id': 4, 'conference': 'East', 'division': 'Southeast', 'city': 'Charlotte', 'name': 'Hornets', 'full_name': 'Charlotte Hornets', 'abbreviation': 'CHA'}",,"{'id': 2, 'conference': 'East', 'division': 'Atlantic', 'city': 'Boston', 'name': 'Celtics', 'full_name': 'Boston Celtics', 'abbreviation': 'BOS'}",
15907510,2024-11-01,2024,Final,4.0,Final,False,120.0,109.0,"{'id': 6, 'conference': 'East', 'division': 'Central', 'city': 'Cleveland', 'name': 'Cavaliers', 'full_name': 'Cleveland Cavaliers', 'abbreviation': 'CLE'}",,"{'id': 22, 'conference': 'East', 'division': 'Southeast', 'city': 'Orlando', 'name': 'Magic', 'full_name': 'Orlando Magic', 'abbreviation': 'ORL'}",
15907518,2024-11-02,2024,Final,4.0,Final,False,103.0,113.0,"{'id': 4, 'conference': 'East', 'division': 'Southeast', 'city': 'Charlotte', 'name': 'Hornets', 'full_name': 'Charlotte Hornets', 'abbreviation': 'CHA'}",,"{'id': 2, 'conference': 'East', 'division': 'Atlantic', 'city': 'Boston', 'name': 'Celtics', 'full_name': 'Boston Celtics', 'abbreviation': 'BOS'}",
15907519,2024-11-02,2024,Final,4.0,Final,False,107.0,124.0,"{'id': 23, 'conference': 'East', 'division': 'Atlantic', 'city': 'Philadelphia', 'name': '76ers', 'full_name': 'Philadelphia 76ers', 'abbreviation': 'PHI'}",,"{'id': 15, 'conference': 'West', 'division': 'Southwest', 'city': 'Memphis', 'name': 'Grizzlies', 'full_name': 'Memphis Grizzlies', 'abbreviation': 'MEM'}",
15907520,2024-11-02,2024,Final,5.0,Final,False,131.0,128.0,"{'id': 28, 'conference': 'East', 'division': 'Atlantic', 'city': 'Toronto', 'name': 'Raptors', 'full_name': 'Toronto Raptors', 'abbreviation': 'TOR'}",,"{'id': 26, 'conference': 'West', 'division': 'Pacific', 'city': 'Sacramento', 'name': 'Kings', 'full_name': 'Sacramento Kings', 'abbreviation': 'SAC'}",
15907521,2024-11-02,2024,Final,5.0,Final,False,121.0,127.0,"{'id': 11, 'conference': 'West', 'division': 'Southwest', 'city': 'Houston', 'name': 'Rockets', 'full_name': 'Houston Rockets', 'abbreviation': 'HOU'}",,"{'id': 10, 'conference': 'West', 'division': 'Pacific', 'city': 'Golden State', 'name': 'Warriors', 'full_name': 'Golden State Warriors', 'abbreviation': 'GSW'}",
15907522,2024-11-02,2024,Final,4.0,Final,False,113.0,114.0,"{'id': 17, 'conference': 'East', 'division': 'Central', 'city': 'Milwaukee', 'name': 'Bucks', 'full_name': 'Milwaukee Bucks', 'abbreviation': 'MIL'}",,"{'id': 6, 'conference': 'East', 'division': 'Central', 'city': 'Cleveland', 'name': 'Cavaliers', 'full_name': 'Cleveland Cavaliers', 'abbreviation': 'CLE'}",
15907523,2024-11-02,2024,Final,4.0,Final,False,113.0,103.0,"{'id': 27, 'conference': 'West', 'division': 'Southwest', 'city': 'San Antonio', 'name': 'Spurs', 'full_name': 'San Antonio Spurs', 'abbreviation': 'SAS'}",,"{'id': 18, 'conference': 'West', 'division': 'Northwest', 'city': 'Minnesota', 'name': 'Timberwolves', 'full_name': 'Minnesota Timberwolves', 'abbreviation': 'MIN'}",
15907524,2024-11-02,2024,Final,4.0,Final,False,98.0,118.0,"{'id': 30, 'conference': 'East', 'division': 'Southeast', 'city': 'Washington', 'name': 'Wizards', 'full_name': 'Washington Wizards', 'abbreviation': 'WAS'}",,"{'id': 16, 'conference': 'East', 'division': 'Southeast', 'city': 'Miami', 'name': 'Heat', 'full_name': 'Miami Heat', 'abbreviation': 'MIA'}",
15907525,2024-11-02,2024,Final,4.0,Final,False,129.0,103.0,"{'id': 8, 'conference': 'West', 'division': 'Northwest', 'city': 'Denver', 'name': 'Nuggets', 'full_name': 'Denver Nuggets', 'abbreviation': 'DEN'}",,"{'id': 29, 'conference': 'West', 'division': 'Northwest', 'city': 'Utah', 'name': 'Jazz', 'full_name': 'Utah Jazz', 'abbreviation': 'UTA'}",
15907526,2024-11-02,2024,Final,4.0,Final,False,103.0,97.0,"{'id': 24, 'conference': 'West', 'division': 'Pacific', 'city': 'Phoenix', 'name': 'Suns', 'full_name': 'Phoenix Suns', 'abbreviation': 'PHX'}",,"{'id': 25, 'conference': 'West', 'division': 'Northwest', 'city': 'Portland', 'name': 'Trail Blazers', 'full_name': 'Portland Trail Blazers', 'abbreviation': 'POR'}",
15907527,2024-11-02,2024,Final,4.0,Final,False,92.0,105.0,"{'id': 13, 'conference': 'West', 'division': 'Pacific', 'city': 'LA', 'name': 'Clippers', 'full_name': 'LA Clippers', 'abbreviation': 'LAC'}",,"{'id': 21, 'conference': 'West', 'division': 'Northwest', 'city': 'Oklahoma City', 'name': 'Thunder', 'full_name': 'Oklahoma City Thunder', 'abbreviation': 'OKC'}",
15907528,2024-11-03,2024,Final,4.0,Final,False,92.0,106.0,"{'id': 3, 'conference': 'East', 'division': 'Atlantic', 'city': 'Brooklyn', 'name': 'Nets', 'full_name': 'Brooklyn Nets', 'abbreviation': 'BKN'}",,"{'id': 9, 'conference': 'East', 'division': 'Central', 'city': 'Detroit', 'name': 'Pistons', 'full_name': 'Detroit Pistons', 'abbreviation': 'DET'}",
15907529,2024-11-03,2024,Final,4.0,Final,False,111.0,126.0,"{'id': 19, 'conference': 'West', 'division': 'Southwest', 'city': 'New Orleans', 'name': 'Pelicans', 'full_name': 'New Orleans Pelicans', 'abbreviation': 'NOP'}",,"{'id': 1, 'conference': 'East', 'division': 'Southeast', 'city': 'Atlanta', 'name': 'Hawks', 'full_name': 'Atlanta Hawks', 'abbreviation': 'ATL'}",
15907530,2024-11-03,2024,Final,4.0,Final,False,108.0,85.0,"{'id': 7, 'conference': 'West', 'division': 'Southwest', 'city': 'Dallas', 'name': 'Mavericks', 'full_name': 'Dallas Mavericks', 'abbreviation': 'DAL'}",,"{'id': 22, 'conference': 'East', 'division': 'Southeast', 'city': 'Orlando', 'name': 'Magic', 'full_name': 'Orlando Magic', 'abbreviation': 'ORL'}",
15907533,2024-11-04,2024,Final,4.0,Final,False,115.0,103.0,"{'id': 9, 'conference': 'East', 'division': 'Central', 'city': 'Detroit', 'name': 'Pistons', 'full_name': 'Detroit Pistons', 'abbreviation': 'DET'}",,"{'id': 14, 'conference': 'West', 'division': 'Pacific', 'city': 'Los Angeles', 'name': 'Lakers', 'full_name': 'Los Angeles Lakers', 'abbreviation': 'LAL'}",
15907534,2024-11-04,2024,Final,4.0,Final,False,93.0,123.0,"{'id': 1, 'conference': 'East', 'division': 'Southeast', 'city': 'Atlanta', 'name': 'Hawks', 'full_name': 'Atlanta Hawks', 'abbreviation': 'ATL'}",,"{'id': 2, 'conference': 'East', 'division': 'Atlantic', 'city': 'Boston', 'name': 'Celtics', 'full_name': 'Boston Celtics', 'abbreviation': 'BOS'}",
15907535,2024-11-04,2024,Final,4.0,Final,False,106.0,104.0,"{'id': 3, 'conference': 'East', 'division': 'Atlantic', 'city': 'Brooklyn', 'name': 'Nets', 'full_name': 'Brooklyn Nets', 'abbreviation': 'BKN'}",,"{'id': 15, 'conference': 'West', 'division': 'Southwest', 'city': 'Memphis', 'name': 'Grizzlies', 'full_name': 'Memphis Grizzlies', 'abbreviation': 'MEM'}",
15907537,2024-11-04,2024,Final,4.0,Final,False,126.0,135.0,"{'id': 5, 'conference': 'East', 'division': 'Central', 'city': 'Chicago', 'name': 'Bulls', 'full_name': 'Chicago Bulls', 'abbreviation': 'CHI'}",,"{'id': 29, 'conference': 'West', 'division': 'Northwest', 'city': 'Utah', 'name': 'Jazz', 'full_name': 'Utah Jazz', 'abbreviation': 'UTA'}",
15907538,2024-11-04,2024,Final,4.0,Final,False,109.0,97.0,"{'id': 11, 'conference': 'West', 'division': 'Southwest', 'city': 'Houston', 'name': 'Rockets', 'full_name': 'Houston Rockets', 'abbreviation': 'HOU'}",,"{'id': 20, 'conference': 'East', 'division': 'Atlantic', 'city': 'New York', 'name': 'Knicks', 'full_name': 'New York Knicks', 'abbreviation': 'NYK'}",
15907539,2024-11-04,2024,Final,4.0,Final,False,114.0,93.0,"{'id': 18, 'conference': 'West', 'division': 'Northwest', 'city': 'Minnesota', 'name': 'Timberwolves', 'full_name': 'Minnesota Timberwolves', 'abbreviation': 'MIN'}",,"{'id': 4, 'conference': 'East', 'division': 'Southeast', 'city': 'Charlotte', 'name': 'Hornets', 'full_name': 'Charlotte Hornets', 'abbreviation': 'CHA'}",
15907531,2024-11-04,2024,Final,4.0,Final,False,116.0,114.0,"{'id': 6, 'conference': 'East', 'division': 'Central', 'city': 'Cleveland', 'name': 'Cavaliers', 'full_name': 'Cleveland Cavaliers', 'abbreviation': 'CLE'}",,"{'id': 17, 'conference': 'East', 'division': 'Central', 'city': 'Milwaukee', 'name': 'Bucks', 'full_name': 'Milwaukee Bucks', 'abbreviation': 'MIL'}",
